{
    "info": {
        "contributor": "dummy",
        "date_created": "dummy",
        "description": "dummy",
        "url": "dummy",
        "version": "dummy",
        "year": "dummy"
    },
    "licenses": {
        "contributor": "dummy",
        "date_created": "dummy",
        "description": "dummy",
        "url": "dummy",
        "version": "dummy",
        "year": "dummy"
    },
    "type": "captions",
    "images": [
        {
            "filename": "000000.png",
            "id": "000000.png"
        },
        {
            "filename": "000001.png",
            "id": "000001.png"
        },
        {
            "filename": "000002.png",
            "id": "000002.png"
        }
    ]
}