{"in": 31, "as": 7, "before": 11, "left": 35, "on": 51, "identical": 30, "is": 32, "purple": 53, "<NULL>": 0, "gray": 27, "became": 9, "newly": 45, "thing": 69, "matte": 39, "seem": 61, "been": 10, "two": 73, "made": 38, "rubber": 57, "ball": 8, "different": 23, "to": 71, "the": 67, "change": 17, "yellow": 75, "green": 28, "that": 66, "behind": 12, "big": 13, "block": 14, "sphere": 65, "there": 68, "tiny": 70, "side": 63, "was": 74, "has": 29, "metallic": 41, "of": 50, "no": 46, "red": 54, "<START>": 2, "turned": 72, "cyan": 20, "brown": 16, "blue": 15, "<UNK>": 1, "scene": 59, "same": 58, "appeared": 6, "disappeared": 24, "cylinder": 21, "difference": 22, "missing": 42, "gone": 26, "remains": 55, "shiny": 62, "a": 4, "nothing": 47, "moved": 44, "added": 5, "cube": 19, "changed": 18, "placed": 52, "its": 33, "metal": 40, "small": 64, "right": 56, "longer": 37, "scenes": 60, "object": 48, "occurred": 49, "location": 36, "large": 34, "<END>": 3, "front": 25, "modified": 43}