{"<NULL>": 0, "<UNK>": 1, "<START>": 2, "<END>": 3, "a": 4, "added": 5, "appeared": 6, "as": 7, "ball": 8, "became": 9, "been": 10, "before": 11, "behind": 12, "big": 13, "block": 14, "blue": 15, "brown": 16, "change": 17, "changed": 18, "cube": 19, "cyan": 20, "cylinder": 21, "difference": 22, "different": 23, "disappeared": 24, "front": 25, "gone": 26, "gray": 27, "green": 28, "has": 29, "identical": 30, "in": 31, "is": 32, "its": 33, "large": 34, "left": 35, "location": 36, "longer": 37, "made": 38, "matte": 39, "metal": 40, "metallic": 41, "missing": 42, "modified": 43, "moved": 44, "newly": 45, "no": 46, "nothing": 47, "object": 48, "occurred": 49, "of": 50, "on": 51, "placed": 52, "purple": 53, "red": 54, "remains": 55, "right": 56, "rubber": 57, "same": 58, "scene": 59, "scenes": 60, "seem": 61, "shiny": 62, "side": 63, "small": 64, "sphere": 65, "that": 66, "the": 67, "there": 68, "thing": 69, "tiny": 70, "to": 71, "turned": 72, "two": 73, "was": 74, "yellow": 75}